{
    "bpm": 119.2,
    "hs_multiplier": 1.0,
    "scale_bpm": false,
    "vol_don": 0.4499999999999996,
    "vol_ka": 0.4499999999999996,
    "vol_metro": 1.0,
    "is_game_mode": false,
    "offset": 0.0,
    "auto_randomize": false,
    "custom_pattern": [
        1,
        1,
        2,
        0,
        1,
        1,
        2,
        0,
        1,
        1,
        2,
        0,
        1,
        1,
        2,
        0,
        1,
        1,
        2,
        0,
        1,
        1,
        2,
        0,
        1,
        1,
        2,
        0,
        1,
        1,
        2,
        0
    ],
    "binds": {
        "don_l": 102,
        "don_r": 106,
        "ka_l": 100,
        "ka_r": 107
    }
}